,division_ratio,fold_growth,generationtime,growth_rate,length_birth,length_final,log_traj_avg_division_ratio,log_traj_avg_fold_growth,log_traj_avg_generationtime,log_traj_avg_growth_rate,log_traj_avg_length_birth,log_traj_avg_length_final,log_trap_avg_division_ratio,log_trap_avg_fold_growth,log_trap_avg_generationtime,log_trap_avg_growth_rate,log_trap_avg_length_birth,log_trap_avg_length_final,traj_avg_division_ratio,traj_avg_fold_growth,traj_avg_generationtime,traj_avg_growth_rate,traj_avg_length_birth,traj_avg_length_final,trap_avg_division_ratio,trap_avg_fold_growth,trap_avg_generationtime,trap_avg_growth_rate,trap_avg_length_birth,trap_avg_length_final
0,0.49612748734549444,0.5053353529125313,0.3999999999999999,1.2633383822813284,2.6272384731620813,4.098082321408194,0.5135929582955331,0.659160536937838,0.44999999999999996,1.4663863363216538,2.492955940582367,4.830836408836319,0.5018697872695455,0.670192117854836,0.45784313725490183,1.4683717721087262,2.3868409100484533,4.6915170319555815,0.5135929582955331,0.659160536937838,0.44999999999999996,1.4663863363216538,2.492955940582367,4.830836408836319,0.5018697872695455,0.670192117854836,0.45784313725490183,1.4683717721087262,2.3868409100484533,4.6915170319555815
1,0.4929093614385006,0.5726536476968946,0.44999999999999973,1.2725636615486555,2.827654890041397,5.164820218386368,0.4815683376339024,0.7342970110229969,0.5863636363636364,1.2529176520718144,2.6690748927434087,5.647707057311601,0.4876435253228226,0.7275962953660389,0.5886363636363636,1.23910777977675,2.722062062571256,5.6769846406341555,0.4815683376339024,0.7342970110229969,0.5863636363636364,1.2529176520718144,2.6690748927434087,5.647707057311601,0.4876435253228226,0.7275962953660389,0.5886363636363636,1.23910777977675,2.722062062571256,5.6769846406341555
2,0.510943755727656,0.5300229453395601,0.3999999999999999,1.3250573633489005,2.31212251773822,4.196829287223297,0.49613218982548807,0.6806079312576929,0.4413043478260868,1.5521725150348316,2.2749439920597374,4.615941753674653,0.5009110051582394,0.6733826411083323,0.4670454545454545,1.4663285780576487,2.441456477304008,4.9059070551569715,0.49613218982548807,0.6806079312576929,0.4413043478260868,1.5521725150348316,2.2749439920597374,4.615941753674653,0.5009110051582394,0.6733826411083323,0.4670454545454545,1.4663285780576487,2.441456477304008,4.9059070551569715
3,0.540207337247892,0.653341813473722,0.5499999999999998,1.1878942063158586,2.9518564112385732,5.850182480223103,0.5130720925564441,0.6516280791510884,0.534285714285714,1.2308911577493629,2.860428447749922,5.562533298563649,0.4999500907506742,0.6840632520408244,0.5738461538461536,1.2195767805567466,2.840504466508789,5.818044827992648,0.5130720925564441,0.6516280791510884,0.534285714285714,1.2308911577493629,2.860428447749922,5.562533298563649,0.4999500907506742,0.6840632520408244,0.5738461538461536,1.2195767805567466,2.840504466508789,5.818044827992648
4,0.5424648166611457,0.7805026269584413,0.6500000000000004,1.2007732722437552,2.6959423380491816,5.928381539002647,0.5045228006126473,0.6792988817321277,0.5681818181818182,1.2052529573248822,2.924187985525585,5.855157963886756,0.4905931528340154,0.6836631811521555,0.55,1.2545278676993448,2.6701295138294823,5.361908733901866,0.5045228006126473,0.6792988817321277,0.5681818181818182,1.2052529573248822,2.924187985525585,5.855157963886756,0.4905931528340154,0.6836631811521555,0.55,1.2545278676993448,2.6701295138294823,5.361908733901866
5,0.5332055712984769,0.8291400740524287,0.75,1.1055200987365716,3.2361974564551397,7.619963811349916,0.49693468613813313,0.6935561782835404,0.5458333333333334,1.275306218788536,2.8766366221620356,5.849555188009983,0.4954967312298942,0.6928372530567829,0.5458333333333335,1.2746518468851884,2.924604936464931,5.92747918241744,0.49693468613813313,0.6935561782835404,0.5458333333333334,1.275306218788536,2.8766366221620356,5.849555188009983,0.4954967312298942,0.6928372530567829,0.5458333333333335,1.2746518468851884,2.924604936464931,5.92747918241744
6,0.5127488871417814,0.5041721787740406,0.6000000000000001,0.840286964623401,2.9131497835079303,5.183686471403491,0.48700072551884227,0.678822242964316,0.5676470588235293,1.2110582962347842,2.9165843407714553,5.834781470408678,0.493456701619888,0.6666784029159629,0.5585714285714285,1.2078282168334957,2.737771832191917,5.437495540732292,0.48700072551884227,0.678822242964316,0.5676470588235293,1.2110582962347842,2.9165843407714553,5.834781470408678,0.493456701619888,0.6666784029159629,0.5585714285714285,1.2078282168334957,2.737771832191917,5.437495540732292
7,0.5776046948941618,0.6150544644419548,0.44999999999999973,1.3667876987599004,2.497075678311076,4.699050790220101,0.5244845382171178,0.6394370313644356,0.476923076923077,1.347499744016119,2.427044021745001,4.686338788491085,0.5156525684168739,0.6554520623438262,0.4592592592592595,1.447772573709034,2.434112106098749,4.745137472453315,0.5244845382171178,0.6394370313644356,0.476923076923077,1.347499744016119,2.427044021745001,4.686338788491085,0.5156525684168739,0.6554520623438262,0.4592592592592595,1.447772573709034,2.434112106098749,4.745137472453315
8,0.4736542537462756,0.5999463761046067,0.5,1.1998927522092133,2.832034983002866,5.3302976139975975,0.4882745609007672,0.7070929144737987,0.552,1.2754679278916377,3.0764377427910192,6.27365718380405,0.48191350813032696,0.7161287308193941,0.5864583333333333,1.2271766511149413,2.68560252096845,5.564600445629346,0.4882745609007672,0.7070929144737987,0.552,1.2754679278916377,3.0764377427910192,6.27365718380405,0.48191350813032696,0.7161287308193941,0.5864583333333333,1.2271766511149413,2.68560252096845,5.564600445629346
9,0.45879188884628036,0.6367469529103538,0.3500000000000001,1.819277008315296,2.092724403434411,3.9839888765525284,0.5273771696342199,0.6069291277513658,0.41956521739130415,1.4654767364486567,2.4366598485548616,4.622099845790236,0.5144914935895681,0.6438398457528017,0.4534090909090908,1.4403101569749404,2.4340484236259115,4.757736087559674,0.5273771696342199,0.6069291277513658,0.41956521739130415,1.4654767364486567,2.4366598485548616,4.622099845790236,0.5144914935895681,0.6438398457528017,0.4534090909090908,1.4403101569749404,2.4340484236259115,4.757736087559674
10,0.5136414863415032,0.9572875937547154,0.5,1.9145751875094308,1.8428585737934986,5.039515713183037,0.5059243571271395,0.6976162647002822,0.46111111111111114,1.5079265854288257,2.421203778579229,4.870229349918941,0.5175484018080964,0.6580206141777605,0.46249999999999997,1.4257857703599615,2.2792972853785414,4.472600158865056,0.5059243571271395,0.6976162647002822,0.46111111111111114,1.5079265854288257,2.421203778579229,4.870229349918941,0.5175484018080964,0.6580206141777605,0.46249999999999997,1.4257857703599615,2.2792972853785414,4.472600158865056
11,0.5257082209187272,0.9037943729451348,0.9500000000000002,0.9513624978369838,3.0874632496679544,7.635766105051203,0.4954712553789625,0.6841657740027375,0.6071428571428571,1.1498918516763963,3.1680849514567506,6.425070065384643,0.489524582310222,0.6943526932764292,0.6107142857142858,1.1555318486865893,2.903352625956304,5.957892313165219,0.4954712553789625,0.6841657740027375,0.6071428571428571,1.1498918516763963,3.1680849514567506,6.425070065384643,0.489524582310222,0.6943526932764292,0.6107142857142858,1.1555318486865893,2.903352625956304,5.957892313165219
12,0.4930311769787647,0.7170762731292799,0.6499999999999999,1.1031942663527385,2.2533149578029814,4.814440418361778,0.49674264273869534,0.6486018391970112,0.5340909090909092,1.2146157323546705,2.902328493045834,5.609133609347388,0.499141647720279,0.6558869805798043,0.5453488372093023,1.2181674745372937,2.9080914867271805,5.675108133702075,0.49674264273869534,0.6486018391970112,0.5340909090909092,1.2146157323546705,2.902328493045834,5.609133609347388,0.499141647720279,0.6558869805798043,0.5453488372093023,1.2181674745372937,2.9080914867271805,5.675108133702075
13,0.4954337547955234,0.6155473751486382,0.5999999999999996,1.0259122919143977,2.306412691852163,4.302272928740576,0.48749025283861336,0.7111366143298407,0.6239583333333333,1.1513692341735473,2.661780747770844,5.507034378590874,0.4908446118567916,0.6983141401393607,0.648913043478261,1.0866053679313976,2.588147791181781,5.310484733456463,0.48749025283861336,0.7111366143298407,0.6239583333333333,1.1513692341735473,2.661780747770844,5.507034378590874,0.4908446118567916,0.6983141401393607,0.648913043478261,1.0866053679313976,2.588147791181781,5.310484733456463
14,0.48853876596125206,0.6809264313544401,0.5000000000000004,1.361852862708879,2.645667586189951,5.312510224480602,0.5011905077851628,0.6714850108974564,0.495,1.3666433866069725,2.6847847372978935,5.363905527645852,0.5050081560058783,0.6659342772589912,0.49499999999999994,1.3529724405696812,2.804720074453961,5.55705491331608,0.5011905077851628,0.6714850108974564,0.495,1.3666433866069725,2.6847847372978935,5.363905527645852,0.5050081560058783,0.6659342772589912,0.49499999999999994,1.3529724405696812,2.804720074453961,5.55705491331608
15,0.5251568232877756,0.7149125569197163,0.4500000000000002,1.5886945709327023,2.74789234580798,5.698817630369277,0.498411095834628,0.6906838037586777,0.46842105263157907,1.4819872911040304,2.6553583513208325,5.315945010401282,0.5113719844180751,0.6530501236228697,0.45769230769230773,1.4282483474978165,2.713729038372326,5.27253192392567,0.498411095834628,0.6906838037586777,0.46842105263157907,1.4819872911040304,2.6553583513208325,5.315945010401282,0.5113719844180751,0.6530501236228697,0.45769230769230773,1.4282483474978165,2.713729038372326,5.27253192392567
16,0.5694063470969625,0.5538751902834497,0.5500000000000007,1.0070458005153617,2.5299682300455864,4.343028941003396,0.504193839570972,0.6630572504815584,0.636111111111111,1.0520153683026219,2.61248622385381,5.24260122109257,0.4998712206515886,0.6863218023713523,0.6833333333333331,1.02434794112157,2.7536350243212624,5.709076669971907,0.504193839570972,0.6630572504815584,0.636111111111111,1.0520153683026219,2.61248622385381,5.24260122109257,0.4998712206515886,0.6863218023713523,0.6833333333333331,1.02434794112157,2.7536350243212624,5.709076669971907
17,0.46747454014212986,0.3795187695041163,0.2999999999999998,1.2650625650137217,4.019622529141318,5.882469528382641,0.4781787609752622,0.7081395299813592,0.5999999999999999,1.1841675262061284,2.521660315525384,5.251971476833033,0.48584067246109025,0.6866541289429263,0.5928571428571426,1.1654660138195632,2.464852755799577,5.029479213744396,0.4781787609752622,0.7081395299813592,0.5999999999999999,1.1841675262061284,2.521660315525384,5.251971476833033,0.48584067246109025,0.6866541289429263,0.5928571428571426,1.1654660138195632,2.464852755799577,5.029479213744396
18,0.535861096483275,0.6952123206788368,0.6000000000000001,1.1586872011313945,2.3618937667569835,5.065563970201752,0.5046888452799166,0.6787930167211936,0.4522727272727275,1.510655962216842,2.5973676349212944,5.153711611943034,0.5108996014371452,0.6675037988174324,0.44477611940298534,1.5109673930097687,2.516149632788698,4.941506161450825,0.5046888452799166,0.6787930167211936,0.4522727272727275,1.510655962216842,2.5973676349212944,5.153711611943034,0.5108996014371452,0.6675037988174324,0.44477611940298534,1.5109673930097687,2.516149632788698,4.941506161450825
19,0.54221516069788,0.8068355559869139,0.7000000000000002,1.1526222228384482,1.7324476472133794,4.01030785048474,0.521273217438864,0.6519448121332492,0.5152173913043478,1.2748851623249364,2.4504684356122284,4.759375281074327,0.5139488636294179,0.6552715133797922,0.4927083333333333,1.3473501712179363,2.5212444447568356,4.91756657648333,0.521273217438864,0.6519448121332492,0.5152173913043478,1.2748851623249364,2.4504684356122284,4.759375281074327,0.5139488636294179,0.6552715133797922,0.4927083333333333,1.3473501712179363,2.5212444447568356,4.91756657648333
20,0.4978677836865657,0.6842085144144836,0.5500000000000003,1.244015480753606,2.88246109103706,5.839257048607321,0.5140933913816167,0.6317084142066064,0.4624999999999999,1.3703981537254657,2.7764121138143865,5.341473859523791,0.5207640745704148,0.6253954288778246,0.4673913043478261,1.345240806996424,2.8731968852612995,5.449281298327994,0.5140933913816167,0.6317084142066064,0.4624999999999999,1.3703981537254657,2.7764121138143865,5.341473859523791,0.5207640745704148,0.6253954288778246,0.4673913043478261,1.345240806996424,2.8731968852612995,5.449281298327994
21,0.5181841859275982,0.6108596824748871,0.5999999999999996,1.018099470791479,2.764837976577952,5.221954119193648,0.49428367263668455,0.6738676074555634,0.586842105263158,1.1627718513203904,2.6722978452311628,5.432883159107516,0.5027226660845839,0.6720374052726915,0.6027027027027028,1.1255033778252799,2.5266801995634545,5.091216611182787,0.49428367263668455,0.6738676074555634,0.586842105263158,1.1627718513203904,2.6722978452311628,5.432883159107516,0.5027226660845839,0.6720374052726915,0.6027027027027028,1.1255033778252799,2.5266801995634545,5.091216611182787
22,0.49946278547830153,0.7472574722147509,0.5500000000000003,1.3586499494813646,2.0072871747976593,4.384232109371334,0.5199129079239134,0.6453739434407089,0.4386206896551725,1.4863948791122905,2.4757828361669985,4.766539673107772,0.5184456835437677,0.6498373189917255,0.45678571428571446,1.4363545965294062,2.5481478460039777,4.920909001231244,0.5199129079239134,0.6453739434407089,0.4386206896551725,1.4863948791122905,2.4757828361669985,4.766539673107772,0.5184456835437677,0.6498373189917255,0.45678571428571446,1.4363545965294062,2.5481478460039777,4.920909001231244
23,0.46812122811573015,0.6322867571465054,0.5500000000000003,1.1496122857209183,3.1420119698190816,6.0475710444724164,0.48417151072849623,0.6989544846336684,0.5909090909090909,1.199735631290823,2.830096331041176,5.767495264677355,0.4966262111036794,0.6741439632864524,0.5652173913043478,1.2115338969157265,2.9644957004955126,5.876660630418517,0.48417151072849623,0.6989544846336684,0.5909090909090909,1.199735631290823,2.830096331041176,5.767495264677355,0.4966262111036794,0.6741439632864524,0.5652173913043478,1.2115338969157265,2.9644957004955126,5.876660630418517
24,0.4660266758387621,0.548414809813714,0.4500000000000002,1.2186995773638085,2.166264556327435,3.9585748298135113,0.5127900944462777,0.6465707349527299,0.5473684210526316,1.1967566340228453,2.210213724524925,4.311439687395564,0.5107933692253807,0.653211737215649,0.5294871794871795,1.2517155782968408,2.3563676555139685,4.5983462378196895,0.5127900944462777,0.6465707349527299,0.5473684210526316,1.1967566340228453,2.210213724524925,4.311439687395564,0.5107933692253807,0.653211737215649,0.5294871794871795,1.2517155782968408,2.3563676555139685,4.5983462378196895
25,0.49478340576350377,0.5717621565690818,0.5999999999999996,0.9529369276151368,2.385435299975253,4.370424979551371,0.4968831751577896,0.6749500824816757,0.6333333333333333,1.0732223112319947,2.4185490062634547,4.871344098431064,0.48787415938943823,0.6860719089717521,0.6209677419354838,1.116997851129409,2.501128540840889,5.091020603695627,0.4968831751577896,0.6749500824816757,0.6333333333333333,1.0732223112319947,2.4185490062634547,4.871344098431064,0.48787415938943823,0.6860719089717521,0.6209677419354838,1.116997851129409,2.501128540840889,5.091020603695627
26,0.5280320759086695,0.3069343449109798,0.25,1.2277373796439193,2.8870630627448866,4.07571622366999,0.4928012513913073,0.6820628345066555,0.5500000000000003,1.2420525464348682,2.2787841827174953,4.623815151721093,0.5035872632166493,0.6438465293732891,0.5528571428571428,1.1843487824158718,2.4228851961076456,4.817634209019982,0.4928012513913073,0.6820628345066555,0.5500000000000003,1.2420525464348682,2.2787841827174953,4.623815151721093,0.5035872632166493,0.6438465293732891,0.5528571428571428,1.1843487824158718,2.4228851961076456,4.817634209019982
27,0.5804894555261005,0.7388501234535909,0.5500000000000003,1.34336386082471,3.221449581286242,7.041195733905223,0.5396986514938694,0.6208391554435131,0.44499999999999984,1.4079600304684239,2.8362069194919988,5.226973778463479,0.5333276886659414,0.6269021067454486,0.45519480519480515,1.3908749596048475,2.761224498816826,5.171274928233864,0.5396986514938694,0.6208391554435131,0.44499999999999984,1.4079600304684239,2.8362069194919988,5.226973778463479,0.5333276886659414,0.6269021067454486,0.45519480519480515,1.3908749596048475,2.761224498816826,5.171274928233864
28,0.43749545484128344,1.3432746871964982,1.2000000000000002,1.1193955726637483,2.4621159136140776,9.739234320271613,0.486844846197712,0.7086122560135562,0.625,1.133265784153071,2.8278859627790336,5.8451975938843725,0.48925042216530146,0.7114294941892789,0.6202702702702702,1.1512628775234548,2.6784994107941333,5.537506538843801,0.486844846197712,0.7086122560135562,0.625,1.133265784153071,2.8278859627790336,5.8451975938843725,0.48925042216530146,0.7114294941892789,0.6202702702702702,1.1512628775234548,2.6784994107941333,5.537506538843801
29,0.5122075390237897,0.6205229494374257,0.3999999999999999,1.5513073735935645,2.6130660642467474,4.85745040188742,0.5315516840671961,0.6235937484048218,0.42872340425531913,1.4608301869299494,2.862974689204468,5.43202073481978,0.5275232184540255,0.6289849203990825,0.42978723404255326,1.4699260088800432,2.868474324612007,5.46886401085843,0.5315516840671961,0.6235937484048218,0.42872340425531913,1.4608301869299494,2.862974689204468,5.43202073481978,0.5275232184540255,0.6289849203990825,0.42978723404255326,1.4699260088800432,2.868474324612007,5.46886401085843
30,0.5000139660522436,0.5204010807994316,0.3500000000000001,1.4868602308555185,2.731237744980258,4.5566372526730445,0.5104169353574588,0.6617828477201732,0.4694444444444444,1.415203344151458,2.3797793152084634,4.661540019272045,0.5011184236537891,0.6821142655614606,0.48785714285714304,1.4079091009309164,2.5085568373445364,5.088153954814148,0.5104169353574588,0.6617828477201732,0.4694444444444444,1.415203344151458,2.3797793152084634,4.661540019272045,0.5011184236537891,0.6821142655614606,0.48785714285714304,1.4079091009309164,2.5085568373445364,5.088153954814148
31,0.5098549355562334,0.5662648378011256,0.4500000000000002,1.258366306224723,2.833918324557112,5.31932209322129,0.5171988843440022,0.6304083905362738,0.4749999999999999,1.3399338027456549,2.8524398767510912,5.4698108027685075,0.524954074267601,0.6307360127694382,0.47500000000000003,1.336062134728581,3.062188455714301,5.802650311917974,0.5171988843440022,0.6304083905362738,0.4749999999999999,1.3399338027456549,2.8524398767510912,5.4698108027685075,0.524954074267601,0.6307360127694382,0.47500000000000003,1.336062134728581,3.062188455714301,5.802650311917974
32,0.5096528280036846,0.6430723437406975,0.6499999999999995,0.9893420672933816,2.61578538254124,5.446388174078568,0.4925201350641073,0.6743430164866495,0.5589285714285713,1.2161811074814228,2.901015795178769,5.853749443756952,0.4949837698882755,0.6747942121749255,0.5640350877192982,1.2073292543162604,2.7341166021588528,5.512999631304339,0.4925201350641073,0.6743430164866495,0.5589285714285713,1.2161811074814228,2.901015795178769,5.853749443756952,0.4949837698882755,0.6747942121749255,0.5640350877192982,1.2073292543162604,2.7341166021588528,5.512999631304339
33,0.45947473043704634,0.8533692083614336,0.7000000000000002,1.219098869087762,2.5077829727849954,6.046005745794221,0.49204772947585734,0.6889773630810792,0.5295454545454548,1.3177347049715413,2.907971981248132,5.910168323961801,0.4961507079645445,0.6797114353574772,0.5295454545454547,1.295277492693205,2.9296601385511267,5.892790812939482,0.49204772947585734,0.6889773630810792,0.5295454545454548,1.3177347049715413,2.907971981248132,5.910168323961801,0.4961507079645445,0.6797114353574772,0.5295454545454547,1.295277492693205,2.9296601385511267,5.892790812939482
34,0.42943053828727845,0.7950632551374467,0.6500000000000004,1.2231742386729942,2.0577938081578586,4.652110878204806,0.4656603122678994,0.7323818670873603,0.6346153846153846,1.1637141032536618,2.3152148997794972,4.940719852647494,0.48269450542865455,0.7136269588883608,0.6336538461538459,1.1370415803756142,2.5565584429995853,5.394205768701193,0.4656603122678994,0.7323818670873603,0.6346153846153846,1.1637141032536618,2.3152148997794972,4.940719852647494,0.48269450542865455,0.7136269588883608,0.6336538461538459,1.1370415803756142,2.5565584429995853,5.394205768701193
35,0.4897148636167253,0.7152628817209219,0.4500000000000002,1.589473070490937,2.1569533111948513,4.3129029372351635,0.5055604129000479,0.674529621582092,0.4761904761904763,1.4413481951710554,2.241561329958592,4.427779116987084,0.5251900073779849,0.653801674236829,0.48333333333333345,1.3752832260405858,2.4054361737731704,4.618439431740926,0.5055604129000479,0.674529621582092,0.4761904761904763,1.4413481951710554,2.241561329958592,4.427779116987084,0.5251900073779849,0.653801674236829,0.48333333333333345,1.3752832260405858,2.4054361737731704,4.618439431740926
36,0.5107169840665327,0.635996668484212,0.5,1.271993336968424,2.275622655202023,4.09055237521889,0.5166838762010686,0.6754745150958924,0.46451612903225814,1.4979294546312911,2.7800243735897165,5.441786534890068,0.5095358672335009,0.675272805221414,0.45,1.527884821863393,2.5795239807963632,5.084809322990326,0.5166838762010686,0.6754745150958924,0.46451612903225814,1.4979294546312911,2.7800243735897165,5.441786534890068,0.5095358672335009,0.675272805221414,0.45,1.527884821863393,2.5795239807963632,5.084809322990326
37,0.5495021429742712,0.5736378356605831,0.5499999999999998,1.0429778830192424,3.842962757228229,6.845870835086008,0.4963520293186808,0.6794468811611195,0.5771428571428571,1.1826434970985438,2.950118895211837,5.906054604327552,0.5007277658113479,0.6747407346856417,0.5707142857142855,1.192564423413341,2.947651356518742,5.8690139492563995,0.4963520293186808,0.6794468811611195,0.5771428571428571,1.1826434970985438,2.950118895211837,5.906054604327552,0.5007277658113479,0.6747407346856417,0.5707142857142855,1.192564423413341,2.947651356518742,5.8690139492563995
38,0.5417493586816634,0.4855662232415942,0.40000000000000036,1.2139155581039844,3.287647745729553,5.413065528363419,0.4984383392351692,0.6652876287552288,0.5206896551724136,1.2830972243854841,2.76369605338298,5.4550338287844875,0.49630260017589395,0.6763842448687344,0.5250000000000002,1.2914141834326553,2.773985060925008,5.520998872731487,0.4984383392351692,0.6652876287552288,0.5206896551724136,1.2830972243854841,2.76369605338298,5.4550338287844875,0.49630260017589395,0.6763842448687344,0.5250000000000002,1.2914141834326553,2.773985060925008,5.520998872731487
39,0.5362048358161184,0.5109533333750984,0.3999999999999999,1.2773833334377462,2.664428777440634,4.491881180802983,0.510776700367448,0.6397830202515619,0.5236842105263156,1.2294003937944418,2.63160711743431,5.1076762047890405,0.5057106032728815,0.646282288030516,0.5102564102564104,1.268361809019764,2.7508304407245734,5.369999370356134,0.510776700367448,0.6397830202515619,0.5236842105263156,1.2294003937944418,2.63160711743431,5.1076762047890405,0.5057106032728815,0.646282288030516,0.5102564102564104,1.268361809019764,2.7508304407245734,5.369999370356134
40,0.550262679596705,0.6464144458222508,0.6000000000000001,1.0773574097037513,3.508960875126366,6.713731038583652,0.523622914411396,0.6296473266451055,0.47068965517241385,1.3581057548708444,2.951984707129999,5.701365371963975,0.5236136485278743,0.6231557266186397,0.46271186440677975,1.3639407976516373,3.00324281091192,5.752585935963747,0.523622914411396,0.6296473266451055,0.47068965517241385,1.3581057548708444,2.951984707129999,5.701365371963975,0.5236136485278743,0.6231557266186397,0.46271186440677975,1.3639407976516373,3.00324281091192,5.752585935963747
41,0.3963423471503504,0.6209820337479668,0.3999999999999999,1.5524550843699172,2.1778994057660594,4.153799938258709,0.4944860742723159,0.7016252398115357,0.4102941176470587,1.7093265556001722,2.549318097199287,5.136514075376171,0.5150230283777751,0.6495016979917001,0.4227272727272726,1.5485179381902745,2.4432870712977115,4.7533309009058895,0.4944860742723159,0.7016252398115357,0.4102941176470587,1.7093265556001722,2.549318097199287,5.136514075376171,0.5150230283777751,0.6495016979917001,0.4227272727272726,1.5485179381902745,2.4432870712977115,4.7533309009058895
42,0.5293685015702172,0.9022693994613977,0.5499999999999998,1.640489817202542,2.746735755757788,6.787988906223382,0.5179187113671895,0.6506913126145437,0.4574074074074073,1.4369947741888884,2.671688279795451,5.136126180036603,0.514326424625594,0.6573651672117488,0.45660377358490545,1.4609746126803214,2.623659079640017,5.086571231468737,0.5179187113671895,0.6506913126145437,0.4574074074074073,1.4369947741888884,2.671688279795451,5.136126180036603,0.514326424625594,0.6573651672117488,0.45660377358490545,1.4609746126803214,2.623659079640017,5.086571231468737
43,0.5078662572846439,0.4871379272584977,0.2999999999999998,1.62379309086166,3.61209901514765,5.897060423308847,0.5293515238253114,0.6202090703157301,0.45447761194029845,1.3794359641994849,2.3285699880665724,4.410310987242735,0.5222184940838633,0.6371347329250872,0.45522388059701474,1.412149044246546,2.407902487326333,4.704753849207628,0.5293515238253114,0.6202090703157301,0.45447761194029845,1.3794359641994849,2.3285699880665724,4.410310987242735,0.5222184940838633,0.6371347329250872,0.45522388059701474,1.412149044246546,2.407902487326333,4.704753849207628
44,0.5191168943775786,0.8274930352564516,0.75,1.103324047008602,2.729731414170539,6.439712253485183,0.4971573553883539,0.6879031412871858,0.5833333333333335,1.1894927867627862,3.031286373453782,6.112036827158616,0.4979625383231039,0.6916410017360594,0.5833333333333335,1.196399414413109,3.007735854330939,6.093115440938791,0.4971573553883539,0.6879031412871858,0.5833333333333335,1.1894927867627862,3.031286373453782,6.112036827158616,0.4979625383231039,0.6916410017360594,0.5833333333333335,1.196399414413109,3.007735854330939,6.093115440938791
45,0.5728443696328794,0.5331479161817045,0.44999999999999973,1.1847731470704552,3.195216218034262,5.505338231849331,0.5196015831963038,0.6654376298544141,0.53,1.2544007163303659,2.696986022651827,5.274601557615319,0.5122214578071258,0.6817648344984946,0.5199999999999999,1.3140033106772693,2.7088907555581216,5.414847873227935,0.5196015831963038,0.6654376298544141,0.53,1.2544007163303659,2.696986022651827,5.274601557615319,0.5122214578071258,0.6817648344984946,0.5199999999999999,1.3140033106772693,2.7088907555581216,5.414847873227935
46,0.5377156103340034,0.7806373454984603,0.6000000000000001,1.3010622424974336,2.143807712689353,4.753276175078088,0.5121492513815561,0.6845060683809779,0.4660714285714286,1.4706042756638324,2.4382651999894427,4.783441894676668,0.5149028417216786,0.67587861778616,0.4801886792452831,1.428160674043163,2.3941558944097627,4.685117841182606,0.5121492513815561,0.6845060683809779,0.4660714285714286,1.4706042756638324,2.4382651999894427,4.783441894676668,0.5149028417216786,0.67587861778616,0.4801886792452831,1.428160674043163,2.3941558944097627,4.685117841182606
47,0.5524448539303954,0.7334423403993096,0.4500000000000002,1.6298718675540207,2.5727654743422943,5.30643296401747,0.5032108473638921,0.66673697782161,0.434375,1.5419651313045588,2.9458299801305277,5.879976537448879,0.5035225944907975,0.673254746714444,0.4435483870967742,1.5284042791821337,2.832130222222975,5.702834865071924,0.5032108473638921,0.66673697782161,0.434375,1.5419651313045588,2.9458299801305277,5.879976537448879,0.5035225944907975,0.673254746714444,0.4435483870967742,1.5284042791821337,2.832130222222975,5.702834865071924
48,0.4710813589282409,0.4466349337765252,0.3500000000000001,1.2760998107900716,3.2827882348804547,5.201644097005931,0.48466688364155575,0.6733572496961976,0.5250000000000001,1.2844973840554297,2.8959035666216995,5.746534440048276,0.49409843870768355,0.6661362423344223,0.5142857142857143,1.3056383515401047,2.945975731267818,5.815021033037348,0.48466688364155575,0.6733572496961976,0.5250000000000001,1.2844973840554297,2.8959035666216995,5.746534440048276,0.49409843870768355,0.6661362423344223,0.5142857142857143,1.3056383515401047,2.945975731267818,5.815021033037348
49,0.5007642225472403,0.5913839109529008,0.5,1.1827678219058015,2.39304176683469,4.328026067027461,0.5242654716174683,0.6357610843702123,0.458,1.3891545750362093,2.3175931973049533,4.435234188127178,0.5210118844672195,0.6458832096151825,0.4802083333333335,1.3487066948731516,2.400437924339403,4.624259492118034,0.5242654716174683,0.6357610843702123,0.458,1.3891545750362093,2.3175931973049533,4.435234188127178,0.5210118844672195,0.6458832096151825,0.4802083333333335,1.3487066948731516,2.400437924339403,4.624259492118034
50,0.46303186615784725,0.9390365467035635,0.75,1.2520487289380846,2.152244314863888,5.773936022661809,0.4894979521505296,0.7004072391458869,0.5399999999999999,1.303653436864781,2.4763580320776213,5.107564807170331,0.49273230532535084,0.6955196258182236,0.5589743589743589,1.2513812868830065,2.617085814689879,5.34343472700346,0.4894979521505296,0.7004072391458869,0.5399999999999999,1.303653436864781,2.4763580320776213,5.107564807170331,0.49273230532535084,0.6955196258182236,0.5589743589743589,1.2513812868830065,2.617085814689879,5.34343472700346
51,0.5470139494795113,0.6788536001996179,0.7999999999999998,0.8485670002495226,1.6984584168986951,3.511695928904419,0.5252067605800306,0.6311727001272017,0.613636363636364,1.0407487097481793,2.2553707170262722,4.298580649849348,0.5223895676310644,0.6425984759567102,0.6670731707317076,1.0301144355596228,2.3175233534183266,4.4668494625426325,0.5252067605800306,0.6311727001272017,0.613636363636364,1.0407487097481793,2.2553707170262722,4.298580649849348,0.5223895676310644,0.6425984759567102,0.6670731707317076,1.0301144355596228,2.3175233534183266,4.4668494625426325
52,0.5200240181984198,0.7908102963223335,0.5499999999999998,1.4378369024042432,2.163707828248403,4.837044452197342,0.5146852479798735,0.6646734667539862,0.4905405405405405,1.3773982449281401,2.4736087131901234,4.844854874876601,0.5154153740238469,0.6565122415248458,0.4796052631578946,1.3908449595577355,2.434541029024399,4.746397659041351,0.5146852479798735,0.6646734667539862,0.4905405405405405,1.3773982449281401,2.4736087131901234,4.844854874876601,0.5154153740238469,0.6565122415248458,0.4796052631578946,1.3908449595577355,2.434541029024399,4.746397659041351
53,0.5423418438566995,0.48552303332306385,0.40000000000000036,1.2138075833076585,3.9730077819487937,6.398622747087241,0.4984632625119412,0.6916544643735055,0.6038461538461537,1.1564171332066804,2.8127058824836775,5.735534180323293,0.4918111080326083,0.7132315700689744,0.5980769230769232,1.2017402616243935,2.698724403852033,5.637594257116329,0.4984632625119412,0.6916544643735055,0.6038461538461537,1.1564171332066804,2.8127058824836775,5.735534180323293,0.4918111080326083,0.7132315700689744,0.5980769230769232,1.2017402616243935,2.698724403852033,5.637594257116329
54,0.48468587823305387,0.896695848951466,0.6000000000000001,1.4944930815857764,1.8556296491649875,4.715522381155832,0.5183588541681419,0.6403027678068273,0.46153846153846156,1.3910489153818881,2.4019339376898277,4.608213700282107,0.5053665756394672,0.6686712148554468,0.46960784313725495,1.447347910759785,2.386241905790959,4.710349335187498,0.5183588541681419,0.6403027678068273,0.46153846153846156,1.3910489153818881,2.4019339376898277,4.608213700282107,0.5053665756394672,0.6686712148554468,0.46960784313725495,1.447347910759785,2.386241905790959,4.710349335187498
55,0.48844175943424,0.6600789624151929,0.5999999999999996,1.1001316040253222,2.799347222377313,5.577444205331743,0.49384847754943684,0.6960249942030481,0.6051724137931037,1.158003027343916,2.842910921412597,5.718160936302733,0.4971939438171372,0.6864570313926879,0.6051724137931035,1.154232000866476,2.8132977305589826,5.664767743175259,0.49384847754943684,0.6960249942030481,0.6051724137931037,1.158003027343916,2.842910921412597,5.718160936302733,0.4971939438171372,0.6864570313926879,0.6051724137931035,1.154232000866476,2.8132977305589826,5.664767743175259
56,0.48219788149180803,0.715257096684006,0.5,1.430514193368012,2.164907232195307,4.636187810073062,0.5075193399594486,0.6705055853145908,0.4730769230769233,1.3996438066432002,2.5705725805371435,5.124292409442484,0.500999814039715,0.6700810007520005,0.4613207547169813,1.4576111967551302,2.5720573645164553,5.161718518066438,0.5075193399594486,0.6705055853145908,0.4730769230769233,1.3996438066432002,2.5705725805371435,5.124292409442484,0.500999814039715,0.6700810007520005,0.4613207547169813,1.4576111967551302,2.5720573645164553,5.161718518066438
57,0.5573015753417082,0.9695137781624298,0.7000000000000002,1.385019683089185,2.591010057320976,6.987445569203614,0.5092459781194278,0.6715941126963341,0.47826086956521763,1.4122712578134473,2.7367763767570192,5.383129306626022,0.5057454268321169,0.6717564854505716,0.4920454545454547,1.37326334173341,2.638969527582886,5.207130968846203,0.5092459781194278,0.6715941126963341,0.47826086956521763,1.4122712578134473,2.7367763767570192,5.383129306626022,0.5057454268321169,0.6717564854505716,0.4920454545454547,1.37326334173341,2.638969527582886,5.207130968846203
58,0.5013313085030194,0.4777108963270622,0.3500000000000001,1.3648882752201774,2.874756446688397,4.724465345976811,0.4957439288322526,0.6819822413961181,0.5413793103448277,1.2667732491889703,2.7033607523060037,5.446790036041667,0.5015180372512328,0.6689719084549482,0.5460869565217392,1.2327174612488028,2.8259744758564884,5.611153653897715,0.4957439288322526,0.6819822413961181,0.5413793103448277,1.2667732491889703,2.7033607523060037,5.446790036041667,0.5015180372512328,0.6689719084549482,0.5460869565217392,1.2327174612488028,2.8259744758564884,5.611153653897715
59,0.5107507152659925,0.6696658833088184,0.5,1.3393317666176368,2.8101134644405428,5.428870203217963,0.4965892802275641,0.6820757455089186,0.6194444444444446,1.112103514113774,2.9027470516868266,5.832216396331522,0.4978604553860076,0.6709564939610126,0.6041666666666666,1.1192116164726977,2.726891896248397,5.493679935625162,0.4965892802275641,0.6820757455089186,0.6194444444444446,1.112103514113774,2.9027470516868266,5.832216396331522,0.4978604553860076,0.6709564939610126,0.6041666666666666,1.1192116164726977,2.726891896248397,5.493679935625162
60,0.5112536007140002,0.6601095219217162,0.6499999999999999,1.0155531106487943,3.175761612190073,6.394571713901629,0.5060822450692041,0.6910315211802812,0.5666666666666668,1.2354628330757202,2.7939446606668885,5.666783368825052,0.4984886903503321,0.6871656654093661,0.5770833333333334,1.2015472717764417,2.6435729687286877,5.361690564105893,0.5060822450692041,0.6910315211802812,0.5666666666666668,1.2354628330757202,2.7939446606668885,5.666783368825052,0.4984886903503321,0.6871656654093661,0.5770833333333334,1.2015472717764417,2.6435729687286877,5.361690564105893
61,0.49695619724133694,0.5124494949482252,0.3999999999999999,1.2811237373705633,3.034007424117669,5.305254819587581,0.5128931249178902,0.6291744547950975,0.4793103448275861,1.3262243680149959,2.8618835798052427,5.504534304307797,0.5081836783384969,0.6440442704284863,0.47844827586206895,1.3599700966682868,2.794608691952459,5.453496937192144,0.5128931249178902,0.6291744547950975,0.4793103448275861,1.3262243680149959,2.8618835798052427,5.504534304307797,0.5081836783384969,0.6440442704284863,0.47844827586206895,1.3599700966682868,2.794608691952459,5.453496937192144
62,0.5038916805559774,0.6964518766747418,0.5499999999999998,1.266276139408622,3.1914446652420776,6.652691223183962,0.4738640908764233,0.7087917205834164,0.5843750000000002,1.2171387297772978,2.676375886282994,5.580952246270699,0.4884273519423895,0.6898360656743886,0.5632352941176474,1.226770109479489,3.000325629997312,6.0931180219390075,0.4738640908764233,0.7087917205834164,0.5843750000000002,1.2171387297772978,2.676375886282994,5.580952246270699,0.4884273519423895,0.6898360656743886,0.5632352941176474,1.226770109479489,3.000325629997312,6.0931180219390075
63,0.5096684281698312,0.5313926046616803,0.3999999999999999,1.328481511654201,3.4974340821626573,6.059392567862901,0.5200336434975349,0.6153037392969433,0.509090909090909,1.2320921231141515,2.888015577276337,5.503845515085202,0.511430164204367,0.6341612656355791,0.5090909090909093,1.2414614191017976,2.81047256453917,5.397192433021872,0.5200336434975349,0.6153037392969433,0.509090909090909,1.2320921231141515,2.888015577276337,5.503845515085202,0.511430164204367,0.6341612656355791,0.5090909090909093,1.2414614191017976,2.81047256453917,5.397192433021872
64,0.48928631014219365,0.860299162267224,0.7000000000000002,1.2289988032388912,2.602382077601172,6.2389257802542115,0.4952060293930225,0.6824665094701213,0.6111111111111108,1.1313057015980919,2.738236867651766,5.532709970129481,0.49367267342126464,0.6874772957913493,0.5905405405405403,1.176272700544718,2.686346183366497,5.458366873733212,0.4952060293930225,0.6824665094701213,0.6111111111111108,1.1313057015980919,2.738236867651766,5.532709970129481,0.49367267342126464,0.6874772957913493,0.5905405405405403,1.176272700544718,2.686346183366497,5.458366873733212
65,0.49481368504630163,0.5430765804660006,0.3500000000000001,1.5516473727600013,3.3515612106424255,5.736180485486584,0.508997832660148,0.6609042969395975,0.46153846153846145,1.4484598807568574,2.928671669965359,5.735400370688344,0.5085460372537235,0.663378048061679,0.4454545454545453,1.5039611608051862,2.935009362555497,5.777056670388611,0.508997832660148,0.6609042969395975,0.46153846153846145,1.4484598807568574,2.928671669965359,5.735400370688344,0.5085460372537235,0.663378048061679,0.4454545454545453,1.5039611608051862,2.935009362555497,5.777056670388611
66,0.5114729645685067,0.8199855441346432,0.5999999999999996,1.3666425735577394,2.476885182873351,5.677935748852317,0.5166079175065024,0.642473070719991,0.5328125000000001,1.2189018238663245,2.968860721017509,5.71304228466974,0.5211309499106282,0.629924973179625,0.5253846153846154,1.2095567516991135,2.9265875424298162,5.583652062463301,0.5166079175065024,0.642473070719991,0.5328125000000001,1.2189018238663245,2.968860721017509,5.71304228466974,0.5211309499106282,0.629924973179625,0.5253846153846154,1.2095567516991135,2.9265875424298162,5.583652062463301
67,0.5310916822142123,0.6427218298808088,0.5999999999999996,1.0712030498013487,3.095533397477552,6.055561310117593,0.49175898772264076,0.6847575402802635,0.547222222222222,1.2588225924359497,2.6249953958190613,5.280237179637293,0.5044132186157453,0.6656375945737285,0.531081081081081,1.2653820403368738,2.657209829634141,5.249812516055276,0.49175898772264076,0.6847575402802635,0.547222222222222,1.2588225924359497,2.6249953958190613,5.280237179637293,0.5044132186157453,0.6656375945737285,0.531081081081081,1.2653820403368738,2.657209829634141,5.249812516055276
68,0.49914965124427957,0.7298256842936128,0.5499999999999998,1.326955789624751,2.673984622489858,5.911859240122849,0.4929793721013717,0.6800578474094912,0.5958333333333333,1.150717743698349,2.4415206459978775,4.9247084177853795,0.4939403911740728,0.6749979346757137,0.5906250000000001,1.1527412158307664,2.5067955637139323,5.046667953400264,0.4929793721013717,0.6800578474094912,0.5958333333333333,1.150717743698349,2.4415206459978775,4.9247084177853795,0.4939403911740728,0.6749979346757137,0.5906250000000001,1.1527412158307664,2.5067955637139323,5.046667953400264
69,0.5510401901483534,0.37793028081271857,0.34999999999999964,1.0798008023220542,3.0649196526787645,4.758511150208684,0.5011041322673889,0.6657139397934164,0.4800000000000001,1.3909819123866163,2.956395811583993,5.900537320851429,0.4973507008635825,0.6757013318813471,0.5182432432432436,1.3186758838618788,2.8734160185312185,5.785137757825097,0.5011041322673889,0.6657139397934164,0.4800000000000001,1.3909819123866163,2.956395811583993,5.900537320851429,0.4973507008635825,0.6757013318813471,0.5182432432432436,1.3186758838618788,2.8734160185312185,5.785137757825097
70,0.5616933307254288,0.6192317065286415,0.3999999999999999,1.548079266321604,2.916368492412186,5.0985192481159025,0.5061347718234069,0.6746030028151405,0.4520833333333332,1.4999499930392404,2.464885263572475,4.874136799436513,0.5023588001294005,0.6953483384969007,0.45957446808510644,1.5304200228342972,2.455586919651538,4.932533820646904,0.5061347718234069,0.6746030028151405,0.4520833333333332,1.4999499930392404,2.464885263572475,4.874136799436513,0.5023588001294005,0.6953483384969007,0.45957446808510644,1.5304200228342972,2.455586919651538,4.932533820646904
71,0.4871727927998886,0.6538476597932908,0.49999999999999956,1.3076953195865828,2.2387315896952575,4.326752461156478,0.49276537842508933,0.7127613941353171,0.5458333333333333,1.3158655954403429,2.436422766873975,5.0215094349337335,0.50290450250681,0.6961262280739189,0.5604166666666667,1.253479224908051,2.5539593122789364,5.169797899290642,0.49276537842508933,0.7127613941353171,0.5458333333333333,1.3158655954403429,2.436422766873975,5.0215094349337335,0.50290450250681,0.6961262280739189,0.5604166666666667,1.253479224908051,2.5539593122789364,5.169797899290642
72,0.4729776559863023,0.7206263921042119,0.4500000000000002,1.6013919824538034,2.50436287265739,5.093851972365871,0.5002628277114471,0.6875605825445742,0.4613636363636363,1.5024234323997447,2.379648781544331,4.73714362339522,0.508262187396947,0.6724374738616786,0.4556818181818183,1.4866285059971183,2.541486280768303,4.995632755048534,0.5002628277114471,0.6875605825445742,0.4613636363636363,1.5024234323997447,2.379648781544331,4.73714362339522,0.508262187396947,0.6724374738616786,0.4556818181818183,1.4866285059971183,2.541486280768303,4.995632755048534
73,0.547799034505359,0.5053908991086662,0.5499999999999998,0.9188925438339388,2.394123665606502,4.241413171245855,0.5092520410342533,0.6565718597188998,0.4928571428571428,1.338954894627475,2.281838641272706,4.503257865669599,0.5069324891430546,0.6647357704818392,0.521698113207547,1.2821989090214205,2.2496177559026145,4.456654968603598,0.5092520410342533,0.6565718597188998,0.4928571428571428,1.338954894627475,2.281838641272706,4.503257865669599,0.5069324891430546,0.6647357704818392,0.521698113207547,1.2821989090214205,2.2496177559026145,4.456654968603598
74,0.5106989214242356,0.6537636884021518,0.5999999999999996,1.0896061473369203,3.128587968788653,6.095582941894399,0.49423682120747037,0.6748632833172832,0.5592592592592592,1.214164584951448,2.857998543099125,5.72819462167478,0.5061835676851106,0.660538460375054,0.5707547169811319,1.170718407136909,2.8451546255767184,5.606603244322219,0.49423682120747037,0.6748632833172832,0.5592592592592592,1.214164584951448,2.857998543099125,5.72819462167478,0.5061835676851106,0.660538460375054,0.5707547169811319,1.170718407136909,2.8451546255767184,5.606603244322219
75,0.5391036414203796,0.6833957601007831,0.5499999999999998,1.2425377456377877,2.8186945826425225,5.682789533811634,0.5123313078557942,0.6526620483623623,0.5958333333333335,1.106216712231707,2.399941885012232,4.672011976407512,0.5150850096032992,0.6433338723838824,0.5885416666666667,1.1038931849520102,2.4941622369473238,4.816866006899954,0.5123313078557942,0.6526620483623623,0.5958333333333335,1.106216712231707,2.399941885012232,4.672011976407512,0.5150850096032992,0.6433338723838824,0.5885416666666667,1.1038931849520102,2.4941622369473238,4.816866006899954
76,0.5122969759506248,0.45281432192993654,0.3999999999999999,1.1320358048248416,2.5848370364833144,4.209834703289069,0.4947926091558408,0.6969795362203871,0.5259999999999999,1.331616930138944,2.3253628239303947,4.765187842701445,0.4971858963189796,0.6889397790004977,0.5117647058823528,1.360026028169677,2.288017455301676,4.657432410593455,0.4947926091558408,0.6969795362203871,0.5259999999999999,1.331616930138944,2.3253628239303947,4.765187842701445,0.4971858963189796,0.6889397790004977,0.5117647058823528,1.360026028169677,2.288017455301676,4.657432410593455
77,0.5171338545592233,0.7602134927310498,0.5999999999999996,1.2670224878850838,1.8456952697452151,3.890089493439993,0.5151807963770617,0.6454082677644639,0.48214285714285704,1.342068364404204,2.2169413474908746,4.309267729229881,0.5126968303667899,0.6576459826891302,0.5217948717948718,1.2797672729384562,2.180003509677554,4.2543118883123,0.5151807963770617,0.6454082677644639,0.48214285714285704,1.342068364404204,2.2169413474908746,4.309267729229881,0.5126968303667899,0.6576459826891302,0.5217948717948718,1.2797672729384562,2.180003509677554,4.2543118883123
78,0.46991718284895506,0.6256808849043459,0.5500000000000003,1.137601608916992,3.267057972196355,6.1563992020294735,0.5126631555092026,0.6438882521626711,0.5574999999999999,1.1626454264303843,2.9725166321211565,5.753839219228582,0.5217460464425138,0.6347527961317858,0.5345238095238094,1.1917854212715209,2.9790181930556936,5.695944446133591,0.5126631555092026,0.6438882521626711,0.5574999999999999,1.1626454264303843,2.9725166321211565,5.753839219228582,0.5217460464425138,0.6347527961317858,0.5345238095238094,1.1917854212715209,2.9790181930556936,5.695944446133591
79,0.5110978453865567,0.5900568105883054,0.34999999999999964,1.6858766016808744,2.6983448257084177,4.614656571472421,0.5406578251320412,0.6362245595816322,0.4593750000000001,1.393821742799152,2.7682345513820694,5.237069342834246,0.5391330989818294,0.6312531545844728,0.438235294117647,1.43826614967706,2.938276019693424,5.536355928504868,0.5406578251320412,0.6362245595816322,0.4593750000000001,1.393821742799152,2.7682345513820694,5.237069342834246,0.5391330989818294,0.6312531545844728,0.438235294117647,1.43826614967706,2.938276019693424,5.536355928504868
80,0.5110308308054125,0.6942456848289481,0.6000000000000005,1.157076141381579,2.3979126811809417,4.859386517333439,0.4981744136287966,0.6852685323167939,0.6000000000000001,1.1435209669226,2.5891001293118525,5.263112909609139,0.49129725365907617,0.6926414341550474,0.5919354838709678,1.1746518052892572,2.6814936464410133,5.49357933061907,0.4981744136287966,0.6852685323167939,0.6000000000000001,1.1435209669226,2.5891001293118525,5.263112909609139,0.49129725365907617,0.6926414341550474,0.5919354838709678,1.1746518052892572,2.6814936464410133,5.49357933061907
81,0.48507707543414336,0.49059873846303137,0.3999999999999999,1.2264968461575787,3.414017599279257,5.591159401471975,0.5021896324569641,0.6427346054884558,0.5366666666666667,1.2058025385486362,2.7844279417275755,5.395874575963466,0.5002237322738353,0.6617593231636187,0.5366666666666667,1.2437039078015635,2.8129822744846495,5.570856678861824,0.5021896324569641,0.6427346054884558,0.5366666666666667,1.2058025385486362,2.7844279417275755,5.395874575963466,0.5002237322738353,0.6617593231636187,0.5366666666666667,1.2437039078015635,2.8129822744846495,5.570856678861824
82,0.4840431967563886,0.6600547918293869,0.5,1.3201095836587737,2.4548596683160904,4.745319932551212,0.5056243966977967,0.6788482964943047,0.5108695652173914,1.3368407899804773,2.4491792256030935,4.852165600598073,0.5023899066838092,0.6857529870505968,0.5031914893617022,1.3746268174502838,2.4352063519752725,4.842918287245004,0.5056243966977967,0.6788482964943047,0.5108695652173914,1.3368407899804773,2.4491792256030935,4.852165600598073,0.5023899066838092,0.6857529870505968,0.5031914893617022,1.3746268174502838,2.4352063519752725,4.842918287245004
83,0.4842013993765475,0.6256078196427906,0.5499999999999998,1.1374687629868923,3.1666957751631806,5.750597999202519,0.5167120031442646,0.6456923789541896,0.5541666666666666,1.1676471211473938,2.8540765983368765,5.550088297503353,0.5217491468868091,0.6517561884579783,0.5437500000000001,1.194945447600366,2.819136545796752,5.483615443261553,0.5167120031442646,0.6456923789541896,0.5541666666666666,1.1676471211473938,2.8540765983368765,5.550088297503353,0.5217491468868091,0.6517561884579783,0.5437500000000001,1.194945447600366,2.819136545796752,5.483615443261553
84,0.539315953449486,0.7107628521325173,0.5,1.4215257042650347,3.0897552732232163,6.319397859024277,0.5227567296067148,0.6344861156143385,0.44814814814814813,1.4342513662328273,2.9021254566042938,5.557835344386991,0.5220419855776494,0.6333264786807564,0.4586538461538462,1.3984177229046035,3.028485509579739,5.846813155023862,0.5227567296067148,0.6344861156143385,0.44814814814814813,1.4342513662328273,2.9021254566042938,5.557835344386991,0.5220419855776494,0.6333264786807564,0.4586538461538462,1.3984177229046035,3.028485509579739,5.846813155023862
85,0.5043744105878808,0.726215546456174,0.75,0.9682873952748987,3.049692716747101,6.471382097663583,0.4915625762670481,0.6972953045387279,0.709259259259259,0.9859048418235624,2.819343424472013,5.784355534796215,0.4858576322535422,0.7031371359637182,0.6927272727272727,1.0234501574908201,2.6844352296847798,5.546904627828408,0.4915625762670481,0.6972953045387279,0.709259259259259,0.9859048418235624,2.819343424472013,5.784355534796215,0.4858576322535422,0.7031371359637182,0.6927272727272727,1.0234501574908201,2.6844352296847798,5.546904627828408
86,0.46862742527174406,0.7902245699698238,0.4500000000000002,1.756054599932941,1.964080982783494,4.455545729385046,0.5059567695630911,0.6733149575097401,0.4828124999999998,1.4068872014610991,2.5591244186048367,5.045222779982225,0.5155794218639277,0.654232623866783,0.47006079027355635,1.4020717646170489,2.6821438820363093,5.201826765224711,0.5059567695630911,0.6733149575097401,0.4828124999999998,1.4068872014610991,2.5591244186048367,5.045222779982225,0.5155794218639277,0.654232623866783,0.47006079027355635,1.4020717646170489,2.6821438820363093,5.201826765224711
87,0.4788896290625914,0.6489723858206704,0.6000000000000001,1.0816206430344506,3.0456197786933608,5.930244254788908,0.5119507646164044,0.6579407950785683,0.5916666666666667,1.1283183831160615,2.8056959894676825,5.522445875245449,0.5128128801192996,0.6746778822177876,0.5874999999999999,1.1560247206812522,2.694806826599305,5.412219690759392,0.5119507646164044,0.6579407950785683,0.5916666666666667,1.1283183831160615,2.8056959894676825,5.522445875245449,0.5128128801192996,0.6746778822177876,0.5874999999999999,1.1560247206812522,2.694806826599305,5.412219690759392
88,0.4541134861134863,0.7186085264734332,0.5,1.4372170529468664,2.796350847936827,6.038820441900227,0.5157986498935343,0.6377845324113252,0.5146341463414633,1.2608499861754106,2.7861716151131777,5.431614222011044,0.5167833166051585,0.6314149478125243,0.49058823529411744,1.3072217094214404,2.891418002175232,5.605926777258315,0.5157986498935343,0.6377845324113252,0.5146341463414633,1.2608499861754106,2.7861716151131777,5.431614222011044,0.5167833166051585,0.6314149478125243,0.49058823529411744,1.3072217094214404,2.891418002175232,5.605926777258315
89,0.5545455363582475,0.433142683126447,0.30000000000000027,1.443808943754822,2.7187741303853876,4.123103538732624,0.5259596873782784,0.675303319844895,0.4694444444444444,1.441456843272951,2.3403248236310894,4.631065827840099,0.5189533917618627,0.6725174579433462,0.4814285714285715,1.409005859529348,2.309772266646068,4.575831107311489,0.5259596873782784,0.675303319844895,0.4694444444444444,1.441456843272951,2.3403248236310894,4.631065827840099,0.5189533917618627,0.6725174579433462,0.4814285714285715,1.409005859529348,2.309772266646068,4.575831107311489
90,0.4699029480982662,0.6969808091416824,0.6000000000000005,1.161634681902803,2.7769470214161394,5.749682687865742,0.5001599334754815,0.6734730630578549,0.5541666666666666,1.2273438481914243,2.827039621557508,5.642079509276754,0.48661807508809246,0.6873587322794728,0.5520833333333331,1.2522550173325702,2.690962001461312,5.4537483690730175,0.5001599334754815,0.6734730630578549,0.5541666666666666,1.2273438481914243,2.827039621557508,5.642079509276754,0.48661807508809246,0.6873587322794728,0.5520833333333331,1.2522550173325702,2.690962001461312,5.4537483690730175
91,0.4719359102238974,0.6285285298930965,0.3999999999999999,1.5713213247327416,2.368489781390697,4.6073460774716395,0.5015712574551547,0.6770396443827654,0.45000000000000007,1.5104129790327623,2.6372590066501314,5.237769874064038,0.5104745173622316,0.6610510706160991,0.4555555555555557,1.4614477750756836,2.6457567657575547,5.161683944068254,0.5015712574551547,0.6770396443827654,0.45000000000000007,1.5104129790327623,2.6372590066501314,5.237769874064038,0.5104745173622316,0.6610510706160991,0.4555555555555557,1.4614477750756836,2.6457567657575547,5.161683944068254
92,0.4930752558661735,0.5168000010930474,0.34999999999999964,1.4765714316944225,3.105521196755001,5.251366055855779,0.4931327621648869,0.6977473301474129,0.47678571428571404,1.4863481721598693,2.779166448486186,5.691212415899858,0.49748597163250363,0.679560893282475,0.48181818181818153,1.4321705393022992,2.69524306500366,5.432525610839928,0.4931327621648869,0.6977473301474129,0.47678571428571404,1.4863481721598693,2.779166448486186,5.691212415899858,0.49748597163250363,0.679560893282475,0.48181818181818153,1.4321705393022992,2.69524306500366,5.432525610839928
93,0.4605831089740452,0.9808760720090333,0.8500000000000005,1.1539718494223914,2.1508608552810813,5.945398277901498,0.4793046475362131,0.6904369464581482,0.5454545454545455,1.2916846424581496,2.4626619628875344,5.126562938141877,0.48571744835320074,0.6953713445889997,0.5295454545454545,1.3306917669240041,2.6011614552289246,5.383427825228285,0.4793046475362131,0.6904369464581482,0.5454545454545455,1.2916846424581496,2.4626619628875344,5.126562938141877,0.48571744835320074,0.6953713445889997,0.5295454545454545,1.3306917669240041,2.6011614552289246,5.383427825228285
94,0.5660928607417087,0.6118523262247341,0.5500000000000003,1.1124587749540613,1.8454474429407506,3.5109108908926165,0.4816039033596439,0.7328482327853595,0.6181818181818182,1.1981057188813178,2.2480879924153614,4.757681773641329,0.48809100022957863,0.6908468507009727,0.5869565217391306,1.1793063190763693,2.3965540876646863,4.858165620964849,0.4816039033596439,0.7328482327853595,0.6181818181818182,1.1981057188813178,2.2480879924153614,4.757681773641329,0.48809100022957863,0.6908468507009727,0.5869565217391306,1.1793063190763693,2.3965540876646863,4.858165620964849
95,0.5059193366289522,0.43711463521097466,0.34999999999999964,1.248898957745643,2.660985945329382,4.2641833853711635,0.5101711232833431,0.6524545042640639,0.5403508771929825,1.2127821200638473,2.5370617740850028,4.962843414293954,0.5124898152917533,0.6473605497144556,0.5451327433628317,1.1948971657652832,2.6517174084267117,5.148929196887737,0.5101711232833431,0.6524545042640639,0.5403508771929825,1.2127821200638473,2.5370617740850028,4.962843414293954,0.5124898152917533,0.6473605497144556,0.5451327433628317,1.1948971657652832,2.6517174084267117,5.148929196887737
96,0.48600786346261055,0.5202534798977188,0.30000000000000027,1.7341782663257275,2.9816627081642957,5.161653101518958,0.5195659316956198,0.67645097920673,0.46818181818181814,1.4820953372245527,2.7621807470834834,5.56450471167144,0.5180605460520378,0.6699703055562044,0.45952380952380945,1.4863348365434157,2.7414259009003072,5.441518460968361,0.5195659316956198,0.67645097920673,0.46818181818181814,1.4820953372245527,2.7621807470834834,5.56450471167144,0.5180605460520378,0.6699703055562044,0.45952380952380945,1.4863348365434157,2.7414259009003072,5.441518460968361
97,0.5369966072542056,0.4632765318834288,0.5500000000000003,0.8423209670607793,2.9087364885967766,4.452571958492205,0.50513424094805,0.660585535469674,0.5106060606060605,1.3211824965930272,2.995171176550395,5.965059357016958,0.5011161611399867,0.668536046800026,0.5068181818181816,1.3386996617608782,2.7766930984642606,5.549395066178811,0.50513424094805,0.660585535469674,0.5106060606060605,1.3211824965930272,2.995171176550395,5.965059357016958,0.5011161611399867,0.668536046800026,0.5068181818181816,1.3386996617608782,2.7766930984642606,5.549395066178811
98,0.4792113131482409,0.5358386400208679,0.39999999999999947,1.3395966000521715,3.759751870558506,6.400731576626716,0.511401883945118,0.6817804929841764,0.5545454545454545,1.239757039440298,3.0582188711915266,6.099180385081988,0.5076089662325878,0.6877670146526993,0.5690476190476188,1.2158812591223238,3.016715785523828,6.066276970651594,0.511401883945118,0.6817804929841764,0.5545454545454545,1.239757039440298,3.0582188711915266,6.099180385081988,0.5076089662325878,0.6877670146526993,0.5690476190476188,1.2158812591223238,3.016715785523828,6.066276970651594
99,0.46921814616442364,0.8835443954860969,0.5,1.7670887909721937,2.055449372634628,5.120579429311512,0.5140085285289102,0.6663793799013118,0.44509803921568647,1.5074839101048363,2.6225232352075634,5.118266889702427,0.5089775759594295,0.6700252950385118,0.447524752475248,1.5143402872294949,2.4194617579271807,4.758946264147998,0.5140085285289102,0.6663793799013118,0.44509803921568647,1.5074839101048363,2.6225232352075634,5.118266889702427,0.5089775759594295,0.6700252950385118,0.447524752475248,1.5143402872294949,2.4194617579271807,4.758946264147998
100,0.4719500274942306,0.746787328213413,0.5500000000000003,1.3577951422062047,1.8024889414038792,4.101567895314221,0.4682943502458369,0.6965699704511691,0.46333333333333326,1.5144407639056552,1.9253677082775842,3.9930046680167517,0.4984203620095625,0.6626627383503659,0.4483870967741935,1.4895422507321552,2.316181774798507,4.542636223724511,0.4682943502458369,0.6965699704511691,0.46333333333333326,1.5144407639056552,1.9253677082775842,3.9930046680167517,0.4984203620095625,0.6626627383503659,0.4483870967741935,1.4895422507321552,2.316181774798507,4.542636223724511
101,0.5295362766870352,0.7907723327348368,0.6499999999999999,1.2165728195920569,2.974499253314233,6.7680557364928084,0.5293946322532381,0.6228985000346692,0.4925925925925928,1.2811660603085562,3.056505209346405,5.816514061650889,0.5254924276743691,0.6309668572926638,0.4944444444444446,1.2847336189470904,2.9353291603647476,5.6457716939033,0.5293946322532381,0.6228985000346692,0.4925925925925928,1.2811660603085562,3.056505209346405,5.816514061650889,0.5254924276743691,0.6309668572926638,0.4944444444444446,1.2847336189470904,2.9353291603647476,5.6457716939033
102,0.4592383277419452,0.6782823999971827,0.5,1.3565647999943653,2.2645174972365014,4.626326647994884,0.4965833964427469,0.6840322624504738,0.527777777777778,1.3228161328011019,2.551823396942895,5.145625474621057,0.5089122163507539,0.6527225953769409,0.5222222222222224,1.2679481335856073,2.5585810548512367,5.045358107374495,0.4965833964427469,0.6840322624504738,0.527777777777778,1.3228161328011019,2.551823396942895,5.145625474621057,0.5089122163507539,0.6527225953769409,0.5222222222222224,1.2679481335856073,2.5585810548512367,5.045358107374495
103,0.538538912451437,0.7556765221745986,0.5,1.5113530443491971,2.5694558172888553,5.4761569069044915,0.48913770015732977,0.6767453119355923,0.4551724137931033,1.5014419052127437,2.690207597927742,5.485255695123423,0.5037770703193781,0.6553111136001077,0.45169491525423733,1.4633879680498307,2.8741131465735883,5.6871352823121715,0.48913770015732977,0.6767453119355923,0.4551724137931033,1.5014419052127437,2.690207597927742,5.485255695123423,0.5037770703193781,0.6553111136001077,0.45169491525423733,1.4633879680498307,2.8741131465735883,5.6871352823121715
104,0.5374862371559317,0.7646190193318922,0.5500000000000003,1.390216398785258,2.3339241157692707,5.04974323400914,0.5042410038780278,0.6675686905474603,0.5177777777777778,1.3148604496256437,2.3278802214466157,4.593491231923382,0.5195948724496668,0.649111478365639,0.4895833333333333,1.3580265272847223,2.4058476930857045,4.654011467459267,0.5042410038780278,0.6675686905474603,0.5177777777777778,1.3148604496256437,2.3278802214466157,4.593491231923382,0.5195948724496668,0.649111478365639,0.4895833333333333,1.3580265272847223,2.4058476930857045,4.654011467459267
105,0.5015467975994412,0.7362981461257491,0.6500000000000004,1.132766378654998,2.372538491030355,5.068458624942692,0.4817836448082618,0.7028213585045922,0.6000000000000001,1.1814034152653483,2.4715871020395848,5.133169310122082,0.49388888324726704,0.6812772294236463,0.5978723404255318,1.149527040531366,2.555754656745852,5.159741580856677,0.4817836448082618,0.7028213585045922,0.6000000000000001,1.1814034152653483,2.4715871020395848,5.133169310122082,0.49388888324726704,0.6812772294236463,0.5978723404255318,1.149527040531366,2.555754656745852,5.159741580856677
106,0.48189407645297905,0.5500740603489935,0.3999999999999999,1.3751851508724842,2.927532025691896,5.100235173924944,0.5033974737840327,0.6605311218623002,0.527272727272727,1.2546365007994036,2.691542782381174,5.33837530109641,0.497332370832706,0.6693441068701923,0.5465116279069766,1.2297949698413413,2.729404413950094,5.445171366232921,0.5033974737840327,0.6605311218623002,0.527272727272727,1.2546365007994036,2.691542782381174,5.33837530109641,0.497332370832706,0.6693441068701923,0.5465116279069766,1.2297949698413413,2.729404413950094,5.445171366232921
107,0.5102137857118428,0.727585477573489,0.5500000000000003,1.322882686497252,2.08773321226729,4.2910501600681705,0.47529968236922143,0.7401106181929122,0.46875,1.5873698251700088,1.8884592216427478,3.994509536671225,0.4979299126654726,0.691505918661337,0.47142857142857153,1.4638405043141285,2.157785396735173,4.332075375624656,0.47529968236922143,0.7401106181929122,0.46875,1.5873698251700088,1.8884592216427478,3.994509536671225,0.4979299126654726,0.691505918661337,0.47142857142857153,1.4638405043141285,2.157785396735173,4.332075375624656
108,0.4746055680760214,0.7952336222292656,0.5499999999999998,1.4458793131441199,2.338055529321842,5.451387408308073,0.4979385346322836,0.6907531914115637,0.47000000000000003,1.4849708762596385,2.640025325899132,5.407362722541306,0.5045069459799404,0.6760946120780792,0.46842105263157907,1.4645120728238932,2.8814014038643925,5.774711806744956,0.4979385346322836,0.6907531914115637,0.47000000000000003,1.4849708762596385,2.640025325899132,5.407362722541306,0.5045069459799404,0.6760946120780792,0.46842105263157907,1.4645120728238932,2.8814014038643925,5.774711806744956
109,0.48563688921422904,0.8849383038389872,0.7999999999999998,1.1061728797987342,2.4030125735586263,5.965652562169229,0.47580445179864206,0.7318523271892283,0.6444444444444445,1.1440803917521982,2.5513706250918116,5.387298922004042,0.4914562985313881,0.7035639009710645,0.6444444444444446,1.0988976729161513,2.6880947050912396,5.52213585823589,0.47580445179864206,0.7318523271892283,0.6444444444444445,1.1440803917521982,2.5513706250918116,5.387298922004042,0.4914562985313881,0.7035639009710645,0.6444444444444446,1.0988976729161513,2.6880947050912396,5.52213585823589
110,0.5044629544832574,0.6089321320865656,0.5000000000000004,1.21786426417313,2.39751524854354,4.570086306634166,0.482638854930943,0.7052872679448453,0.5807692307692309,1.2198442086406789,2.373456536637728,4.943519407297373,0.48023690508966715,0.7195184754656343,0.6099999999999999,1.1930739838989277,2.446488541729681,5.152571920867367,0.482638854930943,0.7052872679448453,0.5807692307692309,1.2198442086406789,2.373456536637728,4.943519407297373,0.48023690508966715,0.7195184754656343,0.6099999999999999,1.1930739838989277,2.446488541729681,5.152571920867367
111,0.522302968535433,0.7300250156515474,0.6499999999999995,1.1231154086946893,2.7130695465720422,5.852668333730041,0.49299133329843087,0.6844721567821843,0.6214285714285716,1.1053514879216884,2.8464320988558844,5.774548298705162,0.4925892447804021,0.678259743919334,0.5982758620689655,1.1427853271171116,2.7350024785752662,5.528943289243163,0.49299133329843087,0.6844721567821843,0.6214285714285716,1.1053514879216884,2.8464320988558844,5.774548298705162,0.4925892447804021,0.678259743919334,0.5982758620689655,1.1427853271171116,2.7350024785752662,5.528943289243163
112,0.5310155359924384,0.5673448071858582,0.4500000000000002,1.2607662381907956,2.4907610273083,4.235075843819529,0.5024685480689065,0.6838043485313162,0.48191489361702133,1.4312651943548804,2.5066300668260735,5.00799383111024,0.502319022866844,0.6843370984864857,0.4891304347826087,1.4294940581213622,2.499768533846016,5.000224075723644,0.5024685480689065,0.6838043485313162,0.48191489361702133,1.4312651943548804,2.5066300668260735,5.00799383111024,0.502319022866844,0.6843370984864857,0.4891304347826087,1.4294940581213622,2.499768533846016,5.000224075723644
113,0.4800667864484633,0.6323007450886274,0.5,1.2646014901772549,3.066321568815453,5.919836756153745,0.5054562561685773,0.6653568518201222,0.6060606060606062,1.1026522442461109,3.023338009643877,5.997010108440467,0.50710480689902,0.666136907111723,0.5992424242424245,1.1193723681542767,2.971263842837682,5.883877620280111,0.5054562561685773,0.6653568518201222,0.6060606060606062,1.1026522442461109,3.023338009643877,5.997010108440467,0.50710480689902,0.666136907111723,0.5992424242424245,1.1193723681542767,2.971263842837682,5.883877620280111
114,0.5117859318331808,0.653220084541498,0.6000000000000001,1.0887001409024966,2.403543695573896,4.805126858867811,0.4956930621977397,0.6563493302210744,0.5611111111111112,1.1810665782299223,2.5795427985652926,4.998735684302728,0.49363522809222943,0.6674161469001332,0.5652777777777779,1.1935452136698628,2.60424596701246,5.11035942650973,0.4956930621977397,0.6563493302210744,0.5611111111111112,1.1810665782299223,2.5795427985652926,4.998735684302728,0.49363522809222943,0.6674161469001332,0.5652777777777779,1.1935452136698628,2.60424596701246,5.11035942650973
115,0.5679407357814664,0.6368524117209758,0.4500000000000002,1.415227581602168,1.7666259389936,3.3090206002271,0.5147458981447603,0.6435195940215085,0.44210526315789483,1.4550743456677964,2.5710838901614337,4.955222981784225,0.5116079743467136,0.6463796484094867,0.4472972972972971,1.4496630086044517,2.5114303619106626,4.840152289369584,0.5147458981447603,0.6435195940215085,0.44210526315789483,1.4550743456677964,2.5710838901614337,4.955222981784225,0.5116079743467136,0.6463796484094867,0.4472972972972971,1.4496630086044517,2.5114303619106626,4.840152289369584
116,0.5011156032192906,0.6807924053240119,0.6000000000000001,1.134654008873353,3.668312392041534,7.459928504368094,0.49672994628789946,0.6791922061854113,0.56,1.2209436321733065,3.3779094389078557,6.759590468159361,0.5053941029016791,0.678271018360751,0.5404761904761904,1.261116104216764,3.2019717345014542,6.405449099035784,0.49672994628789946,0.6791922061854113,0.56,1.2209436321733065,3.3779094389078557,6.759590468159361,0.5053941029016791,0.678271018360751,0.5404761904761904,1.261116104216764,3.2019717345014542,6.405449099035784
117,0.45662542718380833,0.6443706618364403,0.6000000000000005,1.073951103060733,2.6748635927654356,5.303519686467618,0.48463118232669533,0.6549557829486475,0.5958333333333333,1.0996558017615075,2.3354578872839915,4.661714278146573,0.48929528304820696,0.6753483073406272,0.6173913043478261,1.099552295508376,3.3475055760917107,6.873348832750673,0.48463118232669533,0.6549557829486475,0.5958333333333333,1.0996558017615075,2.3354578872839915,4.661714278146573,0.48929528304820696,0.6753483073406272,0.6173913043478261,1.099552295508376,3.3475055760917107,6.873348832750673
118,0.5187876144375916,0.6870929619108279,0.44999999999999973,1.5268732486907297,2.7964205967028226,5.628717871050731,0.5071689825292687,0.6411695248166382,0.4620689655172416,1.4023653571056511,2.8348312700546923,5.466988716302115,0.5064851812486203,0.6419537149922375,0.4710526315789475,1.3777296297515966,2.7272720803369297,5.262449379837634,0.5071689825292687,0.6411695248166382,0.4620689655172416,1.4023653571056511,2.8348312700546923,5.466988716302115,0.5064851812486203,0.6419537149922375,0.4710526315789475,1.3777296297515966,2.7272720803369297,5.262449379837634
119,0.4976584688076125,0.6992941518928507,0.5,1.3985883037857014,2.7130424539539213,5.877989057029637,0.5162488085380406,0.622958070625735,0.43409090909090886,1.4477827828478953,3.0992258655426776,5.908802178621014,0.5086547094083328,0.6412774786740605,0.4454545454545455,1.4540609489928014,2.8610388544420973,5.561630559174144,0.5162488085380406,0.622958070625735,0.43409090909090886,1.4477827828478953,3.0992258655426776,5.908802178621014,0.5086547094083328,0.6412774786740605,0.4454545454545455,1.4540609489928014,2.8610388544420973,5.561630559174144
120,0.47650050748297695,0.41380466059595533,0.3500000000000001,1.1822990302741578,3.6166463831951376,5.579883087736163,0.49092366241420243,0.6715530122841094,0.6000000000000001,1.1427651719430336,2.9035990396104614,5.763307824312659,0.4965431478096276,0.6610243470338455,0.5704545454545457,1.175777847908352,2.927225840459215,5.760203303907787,0.49092366241420243,0.6715530122841094,0.6000000000000001,1.1427651719430336,2.9035990396104614,5.763307824312659,0.4965431478096276,0.6610243470338455,0.5704545454545457,1.175777847908352,2.927225840459215,5.760203303907787
121,0.5183781037276016,0.7092879733250728,0.6500000000000004,1.0912122666539574,3.048432670967451,6.33586198504064,0.49696844923935657,0.6772992365371138,0.5826086956521739,1.1717663804384515,2.9152934652531157,5.861833670629659,0.49639192247303404,0.6759270068611463,0.5977777777777779,1.1410772256903814,2.7323989963516815,5.4934458150025245,0.49696844923935657,0.6772992365371138,0.5826086956521739,1.1717663804384515,2.9152934652531157,5.861833670629659,0.49639192247303404,0.6759270068611463,0.5977777777777779,1.1410772256903814,2.7323989963516815,5.4934458150025245
122,0.519720478111432,0.6543016777294556,0.5000000000000004,1.30860335545891,3.1357331282932375,6.1071044093313445,0.48925174367629387,0.690216766550933,0.5358695652173913,1.2958606414436988,2.473166413427785,5.004545644298733,0.4912644263096453,0.6874686152273407,0.5461538461538463,1.2680316562819272,2.5975648890068745,5.237284853379289,0.48925174367629387,0.690216766550933,0.5358695652173913,1.2958606414436988,2.473166413427785,5.004545644298733,0.4912644263096453,0.6874686152273407,0.5461538461538463,1.2680316562819272,2.5975648890068745,5.237284853379289
123,0.5150848722073567,0.8467826847738996,0.6999999999999997,1.209689549677,2.7904570420052215,6.702529908031513,0.4994992054664516,0.6581102303950723,0.6295454545454545,1.0589521029652906,3.138851229217882,6.177432251737946,0.5126150319358679,0.6338598921594815,0.6453488372093024,1.0099988870536172,3.20643001892244,6.144474446214178,0.4994992054664516,0.6581102303950723,0.6295454545454545,1.0589521029652906,3.138851229217882,6.177432251737946,0.5126150319358679,0.6338598921594815,0.6453488372093024,1.0099988870536172,3.20643001892244,6.144474446214178
124,0.43315916279615696,0.7523521681937148,0.5499999999999998,1.3679130330794818,2.82033584571988,5.98881624482613,0.4576598850159935,0.7479475622022747,0.5590909090909091,1.3398179147370028,2.5495724059032714,5.572672751153526,0.4804000993321139,0.7248277077883043,0.5999999999999999,1.2687955546723586,2.5114537328303883,5.326694777220921,0.4576598850159935,0.7479475622022747,0.5590909090909091,1.3398179147370028,2.5495724059032714,5.572672751153526,0.4804000993321139,0.7248277077883043,0.5999999999999999,1.2687955546723586,2.5114537328303883,5.326694777220921
125,0.5810342015431392,0.8172734720452026,0.5499999999999998,1.4859517673549143,2.4608604566639505,5.490749866993153,0.5244744632480229,0.6665693817315692,0.511764705882353,1.3121735965977679,2.6461500143943373,5.125997968558324,0.5212295968360767,0.6726145609040337,0.495945945945946,1.3937609212935578,2.623642827505705,5.139782133605812,0.5244744632480229,0.6665693817315692,0.511764705882353,1.3121735965977679,2.6461500143943373,5.125997968558324,0.5212295968360767,0.6726145609040337,0.495945945945946,1.3937609212935578,2.623642827505705,5.139782133605812
126,0.5177871280943561,0.5692889491997284,0.4499999999999993,1.2650865537771763,2.965874713190038,5.671046468941934,0.5161798992935343,0.6176958795785551,0.44999999999999973,1.3843222675940803,3.1813015881160234,6.013243753374965,0.5182449553355725,0.611420780252285,0.44489795918367314,1.389136698209346,2.9968071902317885,5.628000478440344,0.5161798992935343,0.6176958795785551,0.44999999999999973,1.3843222675940803,3.1813015881160234,6.013243753374965,0.5182449553355725,0.611420780252285,0.44489795918367314,1.389136698209346,2.9968071902317885,5.628000478440344
127,0.4693783383755742,0.8117313024050627,0.5500000000000003,1.4758750952819315,2.419261208565448,5.553452722322793,0.4905139300931193,0.7250819064084082,0.5500000000000002,1.3408153406061454,2.4819616226287815,5.1698958643699875,0.49611141285132354,0.7169298189376112,0.5529411764705886,1.3149797311479599,2.3908406880807616,4.992377308211336,0.4905139300931193,0.7250819064084082,0.5500000000000002,1.3408153406061454,2.4819616226287815,5.1698958643699875,0.49611141285132354,0.7169298189376112,0.5529411764705886,1.3149797311479599,2.3908406880807616,4.992377308211336
128,0.4979262896150566,0.2968065327925759,0.25,1.1872261311703036,5.623355273476842,7.452714255130536,0.5016083938622259,0.6947670281606242,0.6210526315789476,1.1324362658663174,2.940660141087827,5.956747803929922,0.5015348237590422,0.6977043309154278,0.5887500000000001,1.1999223681286302,2.854923361181597,5.783112468031312,0.5016083938622259,0.6947670281606242,0.6210526315789476,1.1324362658663174,2.940660141087827,5.956747803929922,0.5015348237590422,0.6977043309154278,0.5887500000000001,1.1999223681286302,2.854923361181597,5.783112468031312
129,0.48830215254921483,0.8485118751230574,0.7500000000000004,1.1313491668307425,2.8620717186813467,6.799481929840054,0.49533005051579465,0.6963719408315008,0.5666666666666668,1.2599405187465633,2.6712528338370602,5.439622952760303,0.49652507697648696,0.6912406987767923,0.5564516129032258,1.260020228636969,2.700246901709083,5.472685886994539,0.49533005051579465,0.6963719408315008,0.5666666666666668,1.2599405187465633,2.6712528338370602,5.439622952760303,0.49652507697648696,0.6912406987767923,0.5564516129032258,1.260020228636969,2.700246901709083,5.472685886994539
